Name	Classify	Content	TimeStamp
nau.petshop	PhÃ¢n loáº¡i hÃ ng: KhÄƒn lau kÃ­nh	Xydjcjvjvicjxjxuxufufucififufifificfufifivivovovobkvl	2021-06-08 11:45
dochoigiare688	PhÃ¢n loáº¡i hÃ ng: KhÄƒn lau kÃ­nh	DÃ¹ng lau kÃ­nh thÃ¬ sáº¡ch thÃ´i chá»© chá»‘ng má» cÅ©ng ko ok láº¯m, thÃ´i dÃ¹ng lau kÃ­nh cÅ©ng Ä‘c	2021-06-01 17:52
namechoosing	PhÃ¢n loáº¡i hÃ ng: KhÄƒn lau kÃ­nh	Tuy gÃ³i hÃ ng ko Ä‘áº¹p láº¯m nhÆ°ng shop ráº¥t thÃ¢n thiá»‡n giao hÃ ng nhanh vÃ  cÃ²n cÃ³ quÃ  ná»¯a :v	2021-06-03 11:22
funnykid18311	PhÃ¢n loáº¡i hÃ ng: Äen má»	Gá»ng cÅ©ng Ä‘Æ°á»£c, hÆ¡i má»ng manh vÃ  hÆ¡i rá»™ng so vá»›i máº·t., phÃ¹ há»£p giÃ¡ tiá»n. Váº«n vote shop 5 vÃ¬ nhiá»‡t tÃ¬nh	2021-03-20 18:34
thien_my19	PhÃ¢n loáº¡i hÃ ng: Äen Tráº¯ng	HÃ ng tá»‘t. GiÃ¡ so vá»›i giÃ¡ trá»‹ cá»§a hÃ ng thÃ¬ khá»i pháº£i bÃ n tá»‘t hÆ¡n giÃ¡ ráº¥t nhÃ¬u luÃ´n Ã½. Shop de thÆ°Æ¡ng ná»¯a	2021-03-19 16:22
thien_my19	PhÃ¢n loáº¡i hÃ ng: Äen Tráº¯ng	HÃ ng tá»‘t. GiÃ¡ so vá»›i giÃ¡ trá»‹ cá»§a hÃ ng thÃ¬ khá»i pháº£i bÃ n tá»‘t hÆ¡n giÃ¡ ráº¥t nhÃ¬u luÃ´n Ã½. Shop de thÆ°Æ¡ng ná»¯a	2021-03-19 16:22
kidi_0612	PhÃ¢n loáº¡i hÃ ng: Äen Tráº¯ng	KÃ­nh Ä‘áº¹p, kÃ­nh Ä‘áº¹p nha cáº£ nhÃ  ui... giÃ¡ láº¡i ráº». Thanks shop â¤ï¸â¤ï¸â¤ï¸â¤ï¸â¤ï¸â¤ï¸	2021-02-25 19:24
lelinhhuong_131220	PhÃ¢n loáº¡i hÃ ng: Ghi hun	KÃ­nh ráº¥t ok kiá»ƒu dÃ¡ng Ä‘áº¹p,xá»‹n sÃ²,cÃ³ Ä‘iá»u gá»ng kÃ­nh k pháº£i lÃ  gá»ng dáº»o náº¿u lÃ  gá»ng dáº½o sáº½ thÃ­ch hÆ¡nâ˜ºï¸nhÆ°ng k sao Ä‘áº¹p lÃ  Ä‘Æ°á»£cğŸ˜‰vá»›i cáº£ chá»§ shop dá»… thÆ°Æ¡ng ğŸ˜˜cho shop 5 sao	2021-03-08 12:46
tranhien1976	PhÃ¢n loáº¡i hÃ ng: Ghi hun	KÃ­nh Ä‘áº¹p giao hÃ ng nhanh Ä‘Ã³ng gÃ³i ráº¥t cáº©n tháº­n, mÃ¬nh sáº½ á»§ng há»™ shop láº§n sau	2021-02-21 11:23
tranhien1976	PhÃ¢n loáº¡i hÃ ng: Ghi hun	KÃ­nh Ä‘áº¹p giao hÃ ng nhanh Ä‘Ã³ng gÃ³i ráº¥t cáº©n tháº­n, mÃ¬nh sáº½ á»§ng há»™ shop láº§n sau	2021-02-21 11:23
trucmai050293	PhÃ¢n loáº¡i hÃ ng: Äen bÃ³ng		2021-02-01 20:36
aprilll204	PhÃ¢n loáº¡i hÃ ng: Ghi hun	Máº¯t kÃ­nh gá»n nháº¹, Ä‘eo lÃªn nhÃ¬n xinh ai cÅ©ng há»i chá»— mua giao hÃ ng nhanh	2020-12-15 11:58
aprilll204	PhÃ¢n loáº¡i hÃ ng: Ghi hun	Máº¯t kÃ­nh gá»n nháº¹, Ä‘eo lÃªn nhÃ¬n xinh ai cÅ©ng há»i chá»— mua giao hÃ ng nhanh	2020-12-15 11:58
huynhti121293	PhÃ¢n loáº¡i hÃ ng: KhÄƒn lau kÃ­nh	Giao hÃ ng Ä‘Ãºng,cháº¥t lÆ°á»£ng ok.	2021-06-03 20:42
sodamila	PhÃ¢n loáº¡i hÃ ng: Äen Tráº¯ng	KÃ­nh Ä‘áº¹p, bÃ³ng, cháº¯c cháº¯n	2021-04-13 12:33
dungminhhai	PhÃ¢n loáº¡i hÃ ng: Äen Tráº¯ng	Gá»ng kÃ­nh hÆ¡i lá»ng láº»o, giao hÃ ng nhanh	2021-04-16 08:43
nguyettran251285	PhÃ¢n loáº¡i hÃ ng: Äen Tráº¯ng	HÃ¬nh áº£nh mang tÃ­nh cháº¥t nháº­n xu thÃ´i áº¡. NhÆ°ng hÃ ng ráº¥t Ä‘áº¹p mn nhÃ©. NÃªn mua áº¡!	2021-04-14 12:25
thanhtruc_105	PhÃ¢n loáº¡i hÃ ng: Ghi	Do mÃ¬nh mua ko Ä‘Ãºng Ã­ nÃªn cÃ³ nhá» shop Ä‘á»•i hÃ ng. DÃ¹ pháº£i chá»‹u ship nhÆ°ng shop tÆ° váº¥n nhiá»‡t tÃ¬nh, háº¿t lÃ²ng cho khÃ¡ch hÃ i lÃ²ng. KÃ­nh Ä‘áº¹p sá»‹n,	2021-03-31 08:55
thanhtruc_105	PhÃ¢n loáº¡i hÃ ng: Ghi	Do mÃ¬nh mua ko Ä‘Ãºng Ã­ nÃªn cÃ³ nhá» shop Ä‘á»•i hÃ ng. DÃ¹ pháº£i chá»‹u ship nhÆ°ng shop tÆ° váº¥n nhiá»‡t tÃ¬nh, háº¿t lÃ²ng cho khÃ¡ch hÃ i lÃ²ng. KÃ­nh Ä‘áº¹p sá»‹n,	2021-03-31 08:55
huynhti121293	PhÃ¢n loáº¡i hÃ ng: KhÄƒn lau kÃ­nh	Giao hÃ ng Ä‘Ãºng,cháº¥t lÆ°á»£ng ok.	2021-06-03 20:42
sodamila	PhÃ¢n loáº¡i hÃ ng: Äen Tráº¯ng	KÃ­nh Ä‘áº¹p, bÃ³ng, cháº¯c cháº¯n	2021-04-13 12:33
dungminhhai	PhÃ¢n loáº¡i hÃ ng: Äen Tráº¯ng	Gá»ng kÃ­nh hÆ¡i lá»ng láº»o, giao hÃ ng nhanh	2021-04-16 08:43
nguyettran251285	PhÃ¢n loáº¡i hÃ ng: Äen Tráº¯ng	HÃ¬nh áº£nh mang tÃ­nh cháº¥t nháº­n xu thÃ´i áº¡. NhÆ°ng hÃ ng ráº¥t Ä‘áº¹p mn nhÃ©. NÃªn mua áº¡!	2021-04-14 12:25
thanhtruc_105	PhÃ¢n loáº¡i hÃ ng: Ghi	Do mÃ¬nh mua ko Ä‘Ãºng Ã­ nÃªn cÃ³ nhá» shop Ä‘á»•i hÃ ng. DÃ¹ pháº£i chá»‹u ship nhÆ°ng shop tÆ° váº¥n nhiá»‡t tÃ¬nh, háº¿t lÃ²ng cho khÃ¡ch hÃ i lÃ²ng. KÃ­nh Ä‘áº¹p sá»‹n,	2021-03-31 08:55
thanhtruc_105	PhÃ¢n loáº¡i hÃ ng: Ghi	Do mÃ¬nh mua ko Ä‘Ãºng Ã­ nÃªn cÃ³ nhá» shop Ä‘á»•i hÃ ng. DÃ¹ pháº£i chá»‹u ship nhÆ°ng shop tÆ° váº¥n nhiá»‡t tÃ¬nh, háº¿t lÃ²ng cho khÃ¡ch hÃ i lÃ²ng. KÃ­nh Ä‘áº¹p sá»‹n,	2021-03-31 08:55
huynhti121293	PhÃ¢n loáº¡i hÃ ng: KhÄƒn lau kÃ­nh	Giao hÃ ng Ä‘Ãºng,cháº¥t lÆ°á»£ng ok.	2021-06-03 20:42
sodamila	PhÃ¢n loáº¡i hÃ ng: Äen Tráº¯ng	KÃ­nh Ä‘áº¹p, bÃ³ng, cháº¯c cháº¯n	2021-04-13 12:33
dungminhhai	PhÃ¢n loáº¡i hÃ ng: Äen Tráº¯ng	Gá»ng kÃ­nh hÆ¡i lá»ng láº»o, giao hÃ ng nhanh	2021-04-16 08:43
nguyettran251285	PhÃ¢n loáº¡i hÃ ng: Äen Tráº¯ng	HÃ¬nh áº£nh mang tÃ­nh cháº¥t nháº­n xu thÃ´i áº¡. NhÆ°ng hÃ ng ráº¥t Ä‘áº¹p mn nhÃ©. NÃªn mua áº¡!	2021-04-14 12:25
thanhtruc_105	PhÃ¢n loáº¡i hÃ ng: Ghi	Do mÃ¬nh mua ko Ä‘Ãºng Ã­ nÃªn cÃ³ nhá» shop Ä‘á»•i hÃ ng. DÃ¹ pháº£i chá»‹u ship nhÆ°ng shop tÆ° váº¥n nhiá»‡t tÃ¬nh, háº¿t lÃ²ng cho khÃ¡ch hÃ i lÃ²ng. KÃ­nh Ä‘áº¹p sá»‹n,	2021-03-31 08:55
